{"cameraMode":{"drawMode":0,"name":"Shaded","section":"Shading Mode"},"sceneLighting":true,"audioPlay":false,"sceneViewState":{"m_AlwaysRefresh":false,"showFog":false,"showSkybox":true,"showFlares":true,"showImageEffects":true,"showParticleSystems":true,"showVisualEffectGraphs":true,"m_FxEnabled":true},"in2DMode":false,"pivot":{"x":1.2495352029800416,"y":2.3973424434661867,"z":-3.5287468433380129},"rotation":{"x":0.21981894969940186,"y":0.055878497660160068,"z":-0.012607082724571228,"w":0.9738539457321167},"size":0.15588457882404328,"orthographic":false}